HGVS Variant,Pathogenicity,Pathogenic,Start,End,Reference Seq,Variant Seq,Reference Seq Complement,Variant Seq Complement
c.8T>G,5,TRUE,41276105,41276105,A,C,T,G
c.32_33insC,5,TRUE,41276080,41276081,TA,TGA,TA,TCA
c.34C>T,5,TRUE,41276079,41276079,G,A,C,T
c.38_39delATinsGGG,5,TRUE,41276074,41276075,AT,CCC,AT,GGG
c.53T>C,4,TRUE,41276060,41276060,A,G,T,C
c.55C>T,5,TRUE,41276058,41276058,G,A,C,T
c.61delA,5,TRUE,41276052,41276052,T,,A,
c.62dupT,5,TRUE,41276051,41276051,A,AA,T,TT
c.64_65delTT,5,TRUE,41276048,41276049,AA,,TT,
c.65T>C,5,TRUE,41276048,41276048,A,G,T,C
c.66_67delAG,5,TRUE,41276046,41276047,CT,,AG,
c.66dupA,5,TRUE,41276047,41276047,T,TT,A,AA
c.66_67insC,5,TRUE,41276046,41276047,CT,CGT,AG,ACG
c.68dupA,5,TRUE,41276045,41276045,T,TT,A,AA
c.68_69dupAG,5,TRUE,41276044,41276045,CT,CTCT,AG,AGAG
c.68_69delAG,5,TRUE,41276044,41276045,CT,,AG,
c.70_80del11,5,TRUE,41276033,41276043,CAGATGGGACA,,TGTCCCATCTG,
c.70_73dup4,5,TRUE,41276040,41276043,GACA,GACAGACA,TGTC,TGTCTGTC
c.72_73delTC,5,TRUE,41276040,41276041,GA,,TC,
c.75_80dup6,5,TRUE,41276033,41276038,CAGATG,CAGATGCAGATG,CATCTG,CATCTGCATCTG
c.80+1G>A,5,TRUE,41276032,41276032,C,T,G,A
c.81-2delA,5,TRUE,41267797,41267797,T,,A,
c.81-6T>A,5,TRUE,41267801,41267801,A,T,T,A
c.81-2A>G,5,TRUE,41267797,41267797,T,C,A,G
c.81-1G>A,5,TRUE,41267796,41267796,C,T,G,A
c.81-1G>C,5,TRUE,41267796,41267796,C,G,G,C
c.83_84delTG,5,TRUE,41267792,41267793,CA,,TG,
c.85G>T,5,TRUE,41267791,41267791,C,A,G,T
c.89T>A,5,TRUE,41267787,41267787,A,T,T,A
c.110C>A,5,TRUE,41267766,41267766,G,T,C,A
c.112_113delAA,5,TRUE,41267763,41267764,TT,,AA,
c.115T>C,5,TRUE,41267761,41267761,A,G,T,C
c.117_118delTG,5,TRUE,41267758,41267759,CA,,TG,
c.122delA,5,TRUE,41267754,41267754,T,,A,
c.124delA,5,TRUE,41267752,41267752,T,,A,
c.130T>A,5,TRUE,41267746,41267746,A,T,T,A
c.131G>A,5,TRUE,41267745,41267745,C,T,G,A
c.133A>C,1,FALSE,41267743,41267743,T,G,A,C
c.133_134delAA,5,TRUE,41267742,41267743,TT,,AA,
c.133_134+3del5insT,5,TRUE,41267739,41267743,TACTT,A,AAGTA,T
c.134+2delT,5,TRUE,41267740,41267740,A,,T,
c.134+3_134+6del4,5,TRUE,41267736,41267739,ACTT,,AAGT,
c.134+1G>A,5,TRUE,41267741,41267741,C,T,G,A
c.134+1G>T,5,TRUE,41267741,41267741,C,A,G,T
c.134+2T>G,5,TRUE,41267740,41267740,A,C,T,G
c.134+3A>C,5,TRUE,41267739,41267739,T,G,A,C
c.135-1G>C,5,TRUE,41258550,41258550,C,G,G,C
c.135-1G>T,5,TRUE,41258550,41258550,C,A,G,T
c.144delG,5,TRUE,41258540,41258540,C,,G,
c.160delC,5,TRUE,41258524,41258524,G,,C,
c.178_179delCA,5,TRUE,41258505,41258506,TG,,CA,
c.178C>T,5,TRUE,41258506,41258506,G,A,C,T
c.181T>G,5,TRUE,41258503,41258503,A,C,T,G
c.182_183delGT,5,TRUE,41258501,41258502,AC,,GT,
c.188T>A,5,TRUE,41258496,41258496,A,T,T,A
c.189dupA,5,TRUE,41258495,41258495,T,TT,A,AA
c.190_193del4,5,TRUE,41258491,41258494,TACA,,TGTA,
c.195delG,5,TRUE,41258489,41258489,C,,G,
c.199G>T,1,FALSE,41258485,41258485,C,A,G,T
c.211A>G,5,TRUE,41258473,41258473,T,C,A,G
c.211delA,5,TRUE,41258473,41258473,T,,A,
c.211dupA,5,TRUE,41258473,41258473,T,TT,A,AA
c.212+1G>A,5,TRUE,41258471,41258471,C,T,G,A
c.212+1G>C,5,TRUE,41258471,41258471,C,G,G,C
c.212+1G>T,5,TRUE,41258471,41258471,C,A,G,T
c.212+2T>C,5,TRUE,41258470,41258470,A,G,T,C
c.213-12A>G,5,TRUE,41256984,41256984,T,C,A,G
c.213-11T>G,5,TRUE,41256983,41256983,A,C,T,G
c.213-2A>C,5,TRUE,41256974,41256974,T,G,A,C
c.213-2A>G,5,TRUE,41256974,41256974,T,C,A,G
c.213-1G>A,5,TRUE,41256973,41256973,C,T,G,A
c.220C>T,5,TRUE,41256965,41256965,G,A,C,T
c.230delCins11,5,TRUE,41256955,41256955,G,GGGGGGGGGGG,C,CCCCCCCCCCC
c.232delA,5,TRUE,41256953,41256953,T,,A,
c.241C>T,5,TRUE,41256944,41256944,G,A,C,T
c.246delT,5,TRUE,41256939,41256939,A,,T,
c.250G>T,5,TRUE,41256935,41256935,C,A,G,T
c.290_291delCA,5,TRUE,41256894,41256895,TG,,CA,
c.302-2delA,5,TRUE,41256279,41256279,T,,A,
c.302-3C>G,5,TRUE,41256280,41256280,G,C,C,G
c.302-2A>C,5,TRUE,41256279,41256279,T,G,A,C
c.302-2A>G,5,TRUE,41256279,41256279,T,C,A,G
c.302-1G>A,5,TRUE,41256278,41256278,C,T,G,A
c.302-1G>C,5,TRUE,41256278,41256278,C,G,G,C
c.303T>G,5,TRUE,41256276,41256276,A,C,T,G
c.314A>G,1,FALSE,41256265,41256265,T,C,A,G
c.329_330delAG,5,TRUE,41256249,41256250,CT,,AG,
c.329dupA,5,TRUE,41256250,41256250,T,TT,A,AA
c.342_343delTC,5,TRUE,41256236,41256237,GA,,TC,
c.370A>G,1,FALSE,41256209,41256209,T,C,A,G
c.375_376insT,5,TRUE,41256203,41256204,GG,GAG,CC,CTC
c.380G>A,3,TRUE,41256199,41256199,C,T,G,A
c.390C>A,5,TRUE,41256189,41256189,G,T,C,A
c.396C>A,1,FALSE,41256183,41256183,G,T,C,A
c.399_400delTG,5,TRUE,41256179,41256180,CA,,TG,
c.406dupA,5,TRUE,41256173,41256173,T,TT,A,AA
c.425C>A,1,FALSE,41256154,41256154,G,T,C,A
c.427G>A,1,FALSE,41256152,41256152,C,T,G,A
c.427G>T,5,TRUE,41256152,41256152,C,A,G,T
c.431dupA,5,TRUE,41256148,41256148,T,TT,A,AA
c.431delA,5,TRUE,41256148,41256148,T,,A,
c.437_440del4,5,TRUE,41256139,41256142,AAGG,,CCTT,
c.441+1G>A,5,TRUE,41256137,41256137,C,T,G,A
c.441+2T>A,5,TRUE,41256136,41256136,A,T,T,A
c.441+2T>G,5,TRUE,41256136,41256136,A,C,T,G
c.457_458delAG,5,TRUE,41251880,41251881,CT,,AG,
c.463C>G,1,FALSE,41251875,41251875,G,C,C,G
c.463C>T,5,TRUE,41251875,41251875,G,A,C,T
c.470_471delCT,5,TRUE,41251867,41251868,AG,,CT,
c.470_477del8,5,TRUE,41251861,41251868,AAGGTTAG,,CTAACCTT,
c.485_486delTG,5,TRUE,41251852,41251853,CA,,TG,
c.488delG,5,TRUE,41251850,41251850,C,,G,
c.493_494delCT,5,TRUE,41251844,41251845,AG,,CT,
c.494dupT,5,TRUE,41251844,41251844,A,AA,T,TT
c.505C>T,5,TRUE,41251833,41251833,G,A,C,T
c.514C>T,5,TRUE,41251824,41251824,G,A,C,T
c.514delC,5,TRUE,41251824,41251824,G,,C,
c.520delC,5,TRUE,41251818,41251818,G,,C,
c.527_538del12insGG,5,TRUE,41251800,41251811,TGTAGACAGACG,CC,CGTCTGTCTACA,GG
c.536delA,5,TRUE,41251802,41251802,T,,A,
c.536A>G,1,FALSE,41251802,41251802,T,C,A,G
c.547+1G>T,5,TRUE,41251790,41251790,C,A,G,T
c.547+2T>A,5,TRUE,41251789,41251789,A,T,T,A
c.548delG,5,TRUE,41249305,41249305,C,,G,
c.557C>A,1,FALSE,41249296,41249296,G,T,C,A
c.569_570ins4,5,TRUE,41249283,41249284,GG,GGGGGG,CC,CCCCCC
c.571G>A,1,FALSE,41249282,41249282,C,T,G,A
c.594-2A>C,5,TRUE,41247940,41247940,T,G,A,C
c.594-2A>G,5,TRUE,41247940,41247940,T,C,A,G
c.616C>T,5,TRUE,41247916,41247916,G,A,C,T
c.624_625ins20,5,TRUE,41247907,41247908,GG,GGGGGGGGGGGGGGGGGGGGGG,CC,CCCCCCCCCCCCCCCCCCCCCC
c.667_668delAA,5,TRUE,41247864,41247865,TT,,AA,
c.671-2A>C,5,TRUE,41246878,41246878,T,G,A,C
c.671-1G>A,5,TRUE,41246877,41246877,C,T,G,A
c.676delT,5,TRUE,41246871,41246871,A,,T,
c.677_678insC,5,TRUE,41246869,41246870,AC,AGC,GT,GCT
c.678T>A,5,TRUE,41246869,41246869,A,T,T,A
c.688G>T,5,TRUE,41246859,41246859,C,A,G,T
c.697_698delGT,5,TRUE,41246849,41246850,AC,,GT,
c.736T>G,1,FALSE,41246811,41246811,A,C,T,G
c.737delT,5,TRUE,41246810,41246810,A,,T,
c.742dupA,5,TRUE,41246805,41246805,T,TT,A,AA
c.744delC,5,TRUE,41246803,41246803,G,,C,
c.763G>T,5,TRUE,41246784,41246784,C,A,G,T
c.768_769insA,5,TRUE,41246778,41246779,GC,GTC,GC,GAC
c.768_769insAG,5,TRUE,41246778,41246779,GC,GCTC,GC,GAGC
c.783T>G,5,TRUE,41246764,41246764,A,C,T,G
c.791_794del4,5,TRUE,41246753,41246756,GAAC,,GTTC,
c.794_795delCT,5,TRUE,41246752,41246753,AG,,CT,
c.798_799delTT,5,TRUE,41246748,41246749,AA,,TT,
c.799dupT,5,TRUE,41246748,41246748,A,AA,T,TT
c.800C>G,5,TRUE,41246747,41246747,G,C,C,G
c.814_824dup11,5,TRUE,41246723,41246733,CCACATGGCTC,CCACATGGCTCCCACATGGCTC,GAGCCATGTGG,GAGCCATGTGGGAGCCATGTGG
c.815_824dup10,5,TRUE,41246723,41246732,CCACATGGCT,CCACATGGCTCCACATGGCT,AGCCATGTGG,AGCCATGTGGAGCCATGTGG
c.827_828insT,5,TRUE,41246719,41246720,TG,TAG,CA,CTA
c.835delC,5,TRUE,41246712,41246712,G,,C,
c.839C>G,1,FALSE,41246708,41246708,G,C,C,G
c.843_846del4,5,TRUE,41246701,41246704,TGAG,,CTCA,
c.844_850dup7,5,TRUE,41246697,41246703,GTAATGA,GTAATGAGTAATGA,TCATTAC,TCATTACTCATTAC
c.848T>G,5,TRUE,41246699,41246699,A,C,T,G
c.850C>T,5,TRUE,41246697,41246697,G,A,C,T
c.891G>A,1,FALSE,41246656,41246656,C,T,G,A
c.895_896delGT,5,TRUE,41246651,41246652,AC,,GT,
c.903_904insC,5,TRUE,41246643,41246644,CC,CGC,GG,GCG
c.909delA,5,TRUE,41246638,41246638,T,,A,
c.922_924delAGCinsT,5,TRUE,41246623,41246625,GCT,A,AGC,T
c.924delC,5,TRUE,41246623,41246623,G,,C,
c.925A>T,5,TRUE,41246622,41246622,T,A,A,T
c.927delA,5,TRUE,41246620,41246620,T,,A,
c.928C>T,5,TRUE,41246619,41246619,G,A,C,T
c.929delA,5,TRUE,41246618,41246618,T,,A,
c.930delG,5,TRUE,41246617,41246617,C,,G,
c.933delT,5,TRUE,41246614,41246614,A,,T,
c.949C>T,5,TRUE,41246598,41246598,G,A,C,T
c.959_960delGA,5,TRUE,41246587,41246588,TC,,GA,
c.961delT,5,TRUE,41246586,41246586,A,,T,
c.962G>A,5,TRUE,41246585,41246585,C,T,G,A
c.964delG,5,TRUE,41246583,41246583,C,,G,
c.980_981delCA,5,TRUE,41246566,41246567,TG,,CA,
c.981_982delAT,5,TRUE,41246565,41246566,AT,,AT,
c.985_986delAA,5,TRUE,41246561,41246562,TT,,AA,
c.1001C>A,2,TRUE,41246546,41246546,G,T,C,A
c.1001C>T,1,FALSE,41246546,41246546,G,A,C,T
c.1008dupA,5,TRUE,41246539,41246539,T,TT,A,AA
c.1012A>T,5,TRUE,41246535,41246535,T,A,A,T
c.1016dupA,5,TRUE,41246531,41246531,T,TT,A,AA
c.1016delA,5,TRUE,41246531,41246531,T,,A,
c.1018delG,5,TRUE,41246529,41246529,C,,G,
c.1039_1040delCT,5,TRUE,41246507,41246508,AG,,CT,
c.1040delT,5,TRUE,41246507,41246507,A,,T,
c.1049_1050delGA,5,TRUE,41246497,41246498,TC,,GA,
c.1054G>T,5,TRUE,41246493,41246493,C,A,G,T
c.1058G>A,5,TRUE,41246489,41246489,C,T,G,A
c.1063A>T,5,TRUE,41246484,41246484,T,A,A,T
c.1066C>T,5,TRUE,41246481,41246481,G,A,C,T
c.1067A>G,1,FALSE,41246480,41246480,T,C,A,G
c.1067delA,5,TRUE,41246480,41246480,T,,A,
c.1068_1077del10,5,TRUE,41246470,41246479,TGGCAGTTTC,,GAAACTGCCA,
c.1072delC,5,TRUE,41246475,41246475,G,,C,
c.1080_1081insA,5,TRUE,41246466,41246467,AG,ATG,CT,CAT
c.1082_1092del11,5,TRUE,41246455,41246465,AGGATTCTCTG,,CAGAGAATCCT,
c.1082C>G,5,TRUE,41246465,41246465,G,C,C,G
c.1086_1087delGA,5,TRUE,41246460,41246461,TC,,GA,
c.1088delA,5,TRUE,41246459,41246459,T,,A,
c.1091delC,5,TRUE,41246456,41246456,G,,C,
c.1099dupA,5,TRUE,41246448,41246448,T,TT,A,AA
c.1100dupC,5,TRUE,41246447,41246447,G,GG,C,CC
c.1105G>A,1,FALSE,41246442,41246442,C,T,G,A
c.1112delC,5,TRUE,41246435,41246435,G,,C,
c.1115G>A,5,TRUE,41246432,41246432,C,T,G,A
c.1116G>A,5,TRUE,41246431,41246431,C,T,G,A
c.1121delC,5,TRUE,41246426,41246426,G,,C,
c.1121_1123delCACinsT,5,TRUE,41246424,41246426,GTG,A,CAC,T
c.1122_1123delAC,5,TRUE,41246424,41246425,GT,,AC,
c.1127delA,5,TRUE,41246420,41246420,T,,A,
c.1138C>T,5,TRUE,41246409,41246409,G,A,C,T
c.1141A>T,5,TRUE,41246406,41246406,T,A,A,T
c.1152dupG,5,TRUE,41246395,41246395,C,CC,G,GG
c.1157_1170del14,5,TRUE,41246377,41246390,ATCACTTCTGGAAA,,TTTCCAGAAGTGAT,
c.1158_1159delTT,5,TRUE,41246388,41246389,AA,,TT,
c.1159dupT,5,TRUE,41246388,41246388,A,AA,T,TT
c.1166delG,5,TRUE,41246381,41246381,C,,G,
c.1175_1178del4,5,TRUE,41246369,41246372,AACA,,TGTT,
c.1188delT,5,TRUE,41246359,41246359,A,,T,
c.1193C>A,5,TRUE,41246354,41246354,G,T,C,A
c.1204G>T,5,TRUE,41246343,41246343,C,A,G,T
c.1204delG,5,TRUE,41246343,41246343,C,,G,
c.1208_1209dupCT,5,TRUE,41246338,41246339,AG,AGAG,CT,CTCT
c.1217delA,5,TRUE,41246330,41246330,T,,A,
c.1232_1233delAT,5,TRUE,41246314,41246315,AT,,AT,
c.1241dupA,5,TRUE,41246306,41246306,T,TT,A,AA
c.1252G>T,5,TRUE,41246295,41246295,C,A,G,T
c.1255delG,5,TRUE,41246292,41246292,C,,G,
c.1265dupA,5,TRUE,41246282,41246282,T,TT,A,AA
c.1265_1266dupAT,5,TRUE,41246281,41246282,AT,ATAT,AT,ATAT
c.1266T>G,5,TRUE,41246281,41246281,A,C,T,G
c.1279G>T,5,TRUE,41246268,41246268,C,A,G,T
c.1287dupA,5,TRUE,41246260,41246260,T,TT,A,AA
c.1292dupT,5,TRUE,41246255,41246255,A,AA,T,TT
c.1292delT,5,TRUE,41246255,41246255,A,,T,
c.1292T>G,5,TRUE,41246255,41246255,A,C,T,G
c.1293_1295delACTinsGA,5,TRUE,41246252,41246254,AGT,TC,ACT,GA
c.1297delG,5,TRUE,41246250,41246250,C,,G,
c.1319delT,5,TRUE,41246228,41246228,A,,T,
c.1319dupT,5,TRUE,41246228,41246228,A,AA,T,TT
c.1326T>A,5,TRUE,41246221,41246221,A,T,T,A
c.1333G>T,5,TRUE,41246214,41246214,C,A,G,T
c.1335_1336delAA,5,TRUE,41246211,41246212,TT,,AA,
c.1339dupG,5,TRUE,41246208,41246208,C,CC,G,GG
c.1352C>A,5,TRUE,41246195,41246195,G,T,C,A
c.1360_1361delAG,5,TRUE,41246186,41246187,CT,,AG,
c.1363_1364insGA,5,TRUE,41246183,41246184,TT,TTCT,AA,AGAA
c.1371delA,5,TRUE,41246176,41246176,T,,A,
c.1374delC,5,TRUE,41246173,41246173,G,,C,
c.1380dupA,5,TRUE,41246167,41246167,T,TT,A,AA
c.1384_1393dup10,5,TRUE,41246154,41246163,AGGTTTTCCC,AGGTTTTCCCAGGTTTTCCC,GGGAAAACCT,GGGAAAACCTGGGAAAACCT
c.1386delG,5,TRUE,41246161,41246161,C,,G,
c.1386dupG,5,TRUE,41246161,41246161,C,CC,G,GG
c.1387_1390del4ins5,5,TRUE,41246157,41246160,TTTT,TTTTT,AAAA,AAAAA
c.1390dupA,5,TRUE,41246157,41246157,T,TT,A,AA
c.1390_1391insG,5,TRUE,41246156,41246157,GT,GCT,AC,AGC
c.1390delA,5,TRUE,41246157,41246157,T,,A,
c.1392delC,5,TRUE,41246155,41246155,G,,C,
c.1399A>T,5,TRUE,41246148,41246148,T,A,A,T
c.1403delA,5,TRUE,41246144,41246144,T,,A,
c.1405delG,5,TRUE,41246142,41246142,C,,G,
c.1418A>G,1,FALSE,41246129,41246129,T,C,A,G
c.1421T>G,5,TRUE,41246126,41246126,A,C,T,G
c.1439dupA,5,TRUE,41246108,41246108,T,TT,A,AA
c.1444delA,5,TRUE,41246103,41246103,T,,A,
c.1444_1447del4,5,TRUE,41246100,41246103,TAAT,,ATTA,
c.1450G>T,5,TRUE,41246097,41246097,C,A,G,T
c.1456T>C,1,FALSE,41246091,41246091,A,G,T,C
c.1465G>T,5,TRUE,41246082,41246082,C,A,G,T
c.1471C>T,5,TRUE,41246076,41246076,G,A,C,T
c.1480C>T,5,TRUE,41246067,41246067,G,A,C,T
c.1483_1498del16,5,TRUE,41246049,41246064,TTGTGAGGGGACGCTC,,GAGCGTCCCCTCACAA,
c.1486C>T,1,FALSE,41246061,41246061,G,A,C,T
c.1487G>A,1,FALSE,41246060,41246060,C,T,G,A
c.1492delC,5,TRUE,41246055,41246055,G,,C,
c.1499delA,5,TRUE,41246048,41246048,T,,A,
c.1499_1508dup10,5,TRUE,41246039,41246048,TTTAATTTAT,TTTAATTTATTTTAATTTAT,ATAAATTAAA,ATAAATTAAAATAAATTAAA
c.1504_1518del15,5,TRUE,41246029,41246043,CCTTTTACGCTTTAA,,TTAAAGCGTAAAAGG,
c.1504_1507del4,5,TRUE,41246040,41246043,TTAA,,TTAA,
c.1504_1508del5,5,TRUE,41246039,41246043,TTTAA,,TTAAA,
c.1505T>G,5,TRUE,41246042,41246042,A,C,T,G
c.1506_1510del5,5,TRUE,41246037,41246041,GCTTT,,AAAGC,
c.1510delC,5,TRUE,41246037,41246037,G,,C,
c.1511dupG,5,TRUE,41246036,41246036,C,CC,G,GG
c.1511G>A,1,FALSE,41246036,41246036,C,T,G,A
c.1513A>T,5,TRUE,41246034,41246034,T,A,A,T
c.1513_1514insT,5,TRUE,41246033,41246034,TT,TAT,AA,ATA
c.1517_1521del5,5,TRUE,41246026,41246030,TCTCC,,GGAGA,
c.1519A>T,5,TRUE,41246028,41246028,T,A,A,T
c.1529C>G,5,TRUE,41246018,41246018,G,C,C,G
c.1530delA,5,TRUE,41246017,41246017,T,,A,
c.1551delT,5,TRUE,41245996,41245996,A,,T,
c.1556delA,5,TRUE,41245991,41245991,T,,A,
c.1561_1564del4ins4,5,TRUE,41245983,41245986,CTGC,CCCC,GCAG,GGGG
c.1565_1566insC,5,TRUE,41245981,41245982,AT,AGT,AT,ACT
c.1570delG,5,TRUE,41245977,41245977,C,,G,
c.1576C>T,5,TRUE,41245971,41245971,G,A,C,T
c.1583_1589del7,5,TRUE,41245958,41245964,TCAGGAG,,CTCCTGA,
c.1595_1601del7,5,TRUE,41245946,41245952,TGATTTA,,TAAATCA,
c.1600C>T,5,TRUE,41245947,41245947,G,A,C,T
c.1601dupA,5,TRUE,41245946,41245946,T,TT,A,AA
c.1608_1611del4,5,TRUE,41245936,41245939,GTTA,,TAAC,
c.1612C>T,5,TRUE,41245935,41245935,G,A,C,T
c.1618G>T,5,TRUE,41245929,41245929,C,A,G,T
c.1621C>T,5,TRUE,41245926,41245926,G,A,C,T
c.1623dupG,5,TRUE,41245924,41245924,C,CC,G,GG
c.1630C>T,5,TRUE,41245917,41245917,G,A,C,T
c.1648A>C,1,FALSE,41245899,41245899,T,G,A,C
c.1649delA,5,TRUE,41245898,41245898,T,,A,
c.1660G>T,5,TRUE,41245887,41245887,C,A,G,T
c.1673_1674delAA,5,TRUE,41245873,41245874,TT,,AA,
c.1674delA,5,TRUE,41245873,41245873,T,,A,
c.1687C>T,5,TRUE,41245860,41245860,G,A,C,T
c.1694delA,5,TRUE,41245853,41245853,T,,A,
c.1700delA,5,TRUE,41245847,41245847,T,,A,
c.1713_1717del5,5,TRUE,41245830,41245834,ATTCT,,AGAAT,
c.1714G>T,5,TRUE,41245833,41245833,C,A,G,T
c.1716delA,5,TRUE,41245831,41245831,T,,A,
c.1716dupA,5,TRUE,41245831,41245831,T,TT,A,AA
c.1729_1730delGA,5,TRUE,41245817,41245818,TC,,GA,
c.1729G>T,5,TRUE,41245818,41245818,C,A,G,T
c.1741A>T,5,TRUE,41245806,41245806,T,A,A,T
c.1747A>T,5,TRUE,41245800,41245800,T,A,A,T
c.1757delC,5,TRUE,41245790,41245790,G,,C,
c.1758_1761del4,5,TRUE,41245786,41245789,TATA,,TATA,
c.1789G>A,1,FALSE,41245758,41245758,C,T,G,A
c.1793T>A,5,TRUE,41245754,41245754,A,T,T,A
c.1793T>G,5,TRUE,41245754,41245754,A,C,T,G
c.1805delA,5,TRUE,41245742,41245742,T,,A,
c.1808C>G,5,TRUE,41245739,41245739,G,C,C,G
c.1817delC,5,TRUE,41245730,41245730,G,,C,
c.1819A>T,5,TRUE,41245728,41245728,T,A,A,T
c.1823delA,5,TRUE,41245724,41245724,T,,A,
c.1823_1826del4,5,TRUE,41245721,41245724,TTCT,,AGAA,
c.1831delC,5,TRUE,41245716,41245716,G,,C,
c.1840A>T,5,TRUE,41245707,41245707,T,A,A,T
c.1846_1848delTCT,5,TRUE,41245699,41245701,AGA,,TCT,
c.1846dupT,5,TRUE,41245701,41245701,A,AA,T,TT
c.1865C>T,1,FALSE,41245682,41245682,G,A,C,T
c.1874_1877dup4,5,TRUE,41245670,41245673,ACTA,ACTAACTA,TAGT,TAGTTAGT
c.1881_1884del4,5,TRUE,41245663,41245666,ACTG,,CAGT,
c.1889delA,5,TRUE,41245658,41245658,T,,A,
c.1892dupT,5,TRUE,41245655,41245655,A,AA,T,TT
c.1906delT,5,TRUE,41245641,41245641,A,,T,
c.1912delG,5,TRUE,41245635,41245635,C,,G,
c.1912G>T,5,TRUE,41245635,41245635,C,A,G,T
c.1916T>A,5,TRUE,41245631,41245631,A,T,T,A
c.1924G>C,1,FALSE,41245623,41245623,C,G,G,C
c.1930delT,5,TRUE,41245617,41245617,A,,T,
c.1936delA,5,TRUE,41245611,41245611,T,,A,
c.1938_1947del10,5,TRUE,41245600,41245609,CTCTTCACTG,,CAGTGAAGAG,
c.1945G>T,5,TRUE,41245602,41245602,C,A,G,T
c.1949_1950delTA,5,TRUE,41245597,41245598,TA,,TA,
c.1952delA,5,TRUE,41245595,41245595,T,,A,
c.1952dupA,5,TRUE,41245595,41245595,T,TT,A,AA
c.1953dupG,5,TRUE,41245594,41245594,C,CC,G,GG
c.1953_1956del4,5,TRUE,41245591,41245594,TTTC,,GAAA,
c.1958_1961del4,5,TRUE,41245586,41245589,TTTT,,AAAA,
c.1960A>T,5,TRUE,41245587,41245587,T,A,A,T
c.1960A>C,2,TRUE,41245587,41245587,T,G,A,C
c.1961delA,5,TRUE,41245586,41245586,T,,A,
c.1961dupA,5,TRUE,41245586,41245586,T,TT,A,AA
c.1963_1964insG,5,TRUE,41245583,41245584,TA,TCA,TA,TGA
c.1963dupT,5,TRUE,41245584,41245584,A,AA,T,TT
c.1965C>A,5,TRUE,41245582,41245582,G,T,C,A
c.1969C>T,5,TRUE,41245578,41245578,G,A,C,T
c.1996delC,5,TRUE,41245551,41245551,G,,C,
c.2002C>T,1,FALSE,41245545,41245545,G,A,C,T
c.2008G>T,5,TRUE,41245539,41245539,C,A,G,T
c.2012_2013dupGT,5,TRUE,41245534,41245535,AC,ACAC,GT,GTGT
c.2014A>T,5,TRUE,41245533,41245533,T,A,A,T
c.2019delA,5,TRUE,41245528,41245528,T,,A,
c.2021delC,5,TRUE,41245526,41245526,G,,C,
c.2028_2029delTG,5,TRUE,41245518,41245519,CA,,TG,
c.2035A>T,5,TRUE,41245512,41245512,T,A,A,T
c.2037delGinsCC,5,TRUE,41245510,41245510,C,GG,G,CC
c.2043dupT,5,TRUE,41245504,41245504,A,AA,T,TT
c.2048delA,5,TRUE,41245499,41245499,T,,A,
c.2059C>T,5,TRUE,41245488,41245488,G,A,C,T
c.2063_2066del4,5,TRUE,41245481,41245484,CTTG,,CAAG,
c.2068A>T,5,TRUE,41245479,41245479,T,A,A,T
c.2071delA,5,TRUE,41245476,41245476,T,,A,
c.2074delC,5,TRUE,41245473,41245473,G,,C,
c.2075_2076delAT,5,TRUE,41245471,41245472,AT,,AT,
c.2077G>A,1,FALSE,41245470,41245470,C,T,G,A
c.2086delA,5,TRUE,41245461,41245461,T,,A,
c.2110_2111delAA,5,TRUE,41245436,41245437,TT,,AA,
c.2125_2126insA,5,TRUE,41245421,41245422,AA,ATA,TT,TAT
c.2126_2127delTT,5,TRUE,41245420,41245421,AA,,TT,
c.2138C>G,5,TRUE,41245409,41245409,G,C,C,G
c.2155A>T,5,TRUE,41245392,41245392,T,A,A,T
c.2155_2168del14,5,TRUE,41245379,41245392,TTGACAAATTCTTT,,AAAGAATTTGTCAA,
c.2157dupA,5,TRUE,41245390,41245390,T,TT,A,AA
c.2158G>T,5,TRUE,41245389,41245389,C,A,G,T
c.2166delC,5,TRUE,41245381,41245381,G,,C,
c.2167A>G,1,FALSE,41245380,41245380,T,C,A,G
c.2174delG,5,TRUE,41245373,41245373,C,,G,
c.2176_2177delCT,5,TRUE,41245370,41245371,AG,,CT,
c.2188_2201del14,5,TRUE,41245346,41245359,TTCTCTTCTTTTTC,,GAAAAAGAAGAGAA,
c.2188G>T,5,TRUE,41245359,41245359,C,A,G,T
c.2192_2196del5,5,TRUE,41245351,41245355,TTCTT,,AAGAA,
c.2193_2196del4,5,TRUE,41245351,41245354,TTCT,,AGAA,
c.2194G>T,5,TRUE,41245353,41245353,C,A,G,T
c.2196delA,5,TRUE,41245351,41245351,T,,A,
c.2197_2201del5,5,TRUE,41245346,41245350,TTCTC,,GAGAA,
c.2197G>T,5,TRUE,41245350,41245350,C,A,G,T
c.2199delG,5,TRUE,41245348,41245348,C,,G,
c.2207A>C,2,TRUE,41245340,41245340,T,G,A,C
c.2210delC,5,TRUE,41245337,41245337,G,,C,
c.2210_2211delCA,5,TRUE,41245336,41245337,TG,,CA,
c.2211_2212delAG,5,TRUE,41245335,41245336,CT,,AG,
c.2212_2215del4,5,TRUE,41245332,41245335,TAAC,,GTTA,
c.2216_2217delAA,5,TRUE,41245330,41245331,TT,,AA,
c.2236dupG,5,TRUE,41245311,41245311,C,CC,G,GG
c.2241dupC,5,TRUE,41245306,41245306,G,GG,C,CC
c.2241delC,5,TRUE,41245306,41245306,G,,C,
c.2248_2252del5,5,TRUE,41245295,41245299,ATGAG,,CTCAT,
c.2253_2254delGT,5,TRUE,41245293,41245294,AC,,GT,
c.2263G>T,5,TRUE,41245284,41245284,C,A,G,T
c.2269delG,5,TRUE,41245278,41245278,C,,G,
c.2275C>T,5,TRUE,41245272,41245272,G,A,C,T
c.2283_2284delAA,5,TRUE,41245263,41245264,TT,,AA,
c.2292_2310dup19,5,TRUE,41245237,41245255,TGAAATACTGCTACTCTCT,TGAAATACTGCTACTCTCTTGAAATACTGCTACTCTCT,AGAGAGTAGCAGTATTTCA,AGAGAGTAGCAGTATTTCAAGAGAGTAGCAGTATTTCA
c.2296_2297delAG,5,TRUE,41245250,41245251,CT,,AG,
c.2299delA,5,TRUE,41245248,41245248,T,,A,
c.2308delT,5,TRUE,41245239,41245239,A,,T,
c.2309C>A,5,TRUE,41245238,41245238,G,T,C,A
c.2310_2311insC,5,TRUE,41245236,41245237,AT,AGT,AT,ACT
c.2314delG,5,TRUE,41245233,41245233,C,,G,
c.2315T>C,1,FALSE,41245232,41245232,A,G,T,C
c.2325_2326insA,5,TRUE,41245221,41245222,CA,CTA,TG,TAG
c.2338C>T,5,TRUE,41245209,41245209,G,A,C,T
c.2350_2351delTC,5,TRUE,41245196,41245197,GA,,TC,
c.2351_2357del7,5,TRUE,41245190,41245196,AGTAACG,,CGTTACT,
c.2354T>A,5,TRUE,41245193,41245193,A,T,T,A
c.2356delC,5,TRUE,41245191,41245191,G,,C,
c.2357delT,5,TRUE,41245190,41245190,A,,T,
c.2359delG,5,TRUE,41245188,41245188,C,,G,
c.2359dupG,5,TRUE,41245188,41245188,C,CC,G,GG
c.2380dupG,5,TRUE,41245167,41245167,C,CC,G,GG
c.2389delG,5,TRUE,41245158,41245158,C,,G,
c.2389_2390delGA,5,TRUE,41245157,41245158,TC,,GA,
c.2389G>T,5,TRUE,41245158,41245158,C,A,G,T
c.2390_2391delAA,5,TRUE,41245156,41245157,TT,,AA,
c.2405_2406delTG,5,TRUE,41245141,41245142,CA,,TG,
c.2406_2409del4,5,TRUE,41245138,41245141,ACTC,,GAGT,
c.2411delA,5,TRUE,41245136,41245136,T,,A,
c.2411_2412delAG,5,TRUE,41245135,41245136,CT,,AG,
c.2412G>C,1,FALSE,41245135,41245135,C,G,G,C
c.2428A>T,1,FALSE,41245119,41245119,T,A,A,T
c.2429delA,5,TRUE,41245118,41245118,T,,A,
c.2433delC,5,TRUE,41245114,41245114,G,,C,
c.2434A>T,5,TRUE,41245113,41245113,T,A,A,T
c.2437G>T,5,TRUE,41245110,41245110,C,A,G,T
c.2440_2441insA,5,TRUE,41245106,41245107,AG,ATG,CT,CAT
c.2457delC,5,TRUE,41245090,41245090,G,,C,
c.2458A>G,1,FALSE,41245089,41245089,T,C,A,G
c.2475delC,5,TRUE,41245072,41245072,G,,C,
c.2476delA,5,TRUE,41245071,41245071,T,,A,
c.2477delC,5,TRUE,41245070,41245070,G,,C,
c.2477C>A,1,FALSE,41245070,41245070,G,T,C,A
c.2486_2487delTT,5,TRUE,41245060,41245061,AA,,TT,
c.2487delT,5,TRUE,41245060,41245060,A,,T,
c.2487dupT,5,TRUE,41245060,41245060,A,AA,T,TT
c.2488_2497dup10,5,TRUE,41245050,41245059,ATGGATACTT,ATGGATACTTATGGATACTT,AAGTATCCAT,AAGTATCCATAAGTATCCAT
c.2488_2504dup17,5,TRUE,41245043,41245059,TGTCCCAATGGATACTT,TGTCCCAATGGATACTTTGTCCCAATGGATACTT,AAGTATCCATTGGGACA,AAGTATCCATTGGGACAAAGTATCCATTGGGACA
c.2501delG,5,TRUE,41245046,41245046,C,,G,
c.2507_2508delAA,5,TRUE,41245039,41245040,TT,,AA,
c.2515delC,5,TRUE,41245032,41245032,G,,C,
c.2517_2518delCA,5,TRUE,41245029,41245030,TG,,CA,
c.2518delA,5,TRUE,41245029,41245029,T,,A,
c.2521C>T,1,FALSE,41245026,41245026,G,A,C,T
c.2525A>G,1,FALSE,41245022,41245022,T,C,A,G
c.2529delA,5,TRUE,41245018,41245018,T,,A,
c.2551delG,5,TRUE,41244996,41244996,C,,G,
c.2556delT,5,TRUE,41244991,41244991,A,,T,
c.2556dupT,5,TRUE,41244991,41244991,A,AA,T,TT
c.2558dupA,5,TRUE,41244989,41244989,T,TT,A,AA
c.2560_2561dupGC,5,TRUE,41244986,41244987,GC,GCGC,GC,GCGC
c.2561_2565del5,5,TRUE,41244982,41244986,CTGAG,,CTCAG,
c.2563C>T,5,TRUE,41244984,41244984,G,A,C,T
c.2564_2565ins5,5,TRUE,41244982,41244983,CT,CTTTTTT,AG,AAAAAAG
c.2566T>C,1,FALSE,41244981,41244981,A,G,T,C
c.2568T>G,5,TRUE,41244979,41244979,A,C,T,G
c.2572C>T,5,TRUE,41244975,41244975,G,A,C,T
c.2584A>G,1,FALSE,41244963,41244963,T,C,A,G
c.2591C>G,5,TRUE,41244956,41244956,G,C,C,G
c.2594delA,5,TRUE,41244953,41244953,T,,A,
c.2596C>T,1,FALSE,41244951,41244951,G,A,C,T
c.2601_2604dup4,5,TRUE,41244943,41244946,TGAC,TGACTGAC,GTCA,GTCAGTCA
c.2603C>A,5,TRUE,41244944,41244944,G,T,C,A
c.2603C>G,5,TRUE,41244944,41244944,G,C,C,G
c.2611_2612delCC,5,TRUE,41244935,41244936,GG,,CC,
c.2612dupC,5,TRUE,41244935,41244935,G,GG,C,CC
c.2612_2613insT,5,TRUE,41244934,41244935,CG,CAG,CG,CTG
c.2612delCinsTT,5,TRUE,41244935,41244935,G,AA,C,TT
c.2617dupT,5,TRUE,41244930,41244930,A,AA,T,TT
c.2635G>T,5,TRUE,41244912,41244912,C,A,G,T
c.2641G>T,5,TRUE,41244906,41244906,C,A,G,T
c.2643delA,5,TRUE,41244904,41244904,T,,A,
c.2646_2648delTGC,5,TRUE,41244899,41244901,GCA,,TGC,
c.2647_2648ins4,5,TRUE,41244899,41244900,GC,GCCCCC,GC,GGGGGC
c.2657_2658delCT,5,TRUE,41244889,41244890,AG,,CT,
c.2659_2660insA,5,TRUE,41244887,41244888,GC,GTC,GC,GAC
c.2659dupG,5,TRUE,41244888,41244888,C,CC,G,GG
c.2665dupT,5,TRUE,41244882,41244882,A,AA,T,TT
c.2670delG,5,TRUE,41244877,41244877,C,,G,
c.2671delT,5,TRUE,41244876,41244876,A,,T,
c.2679_2680delGA,5,TRUE,41244867,41244868,TC,,GA,
c.2679_2682del4,5,TRUE,41244865,41244868,TTTC,,GAAA,
c.2681_2682delAA,5,TRUE,41244865,41244866,TT,,AA,
c.2682delA,5,TRUE,41244865,41244865,T,,A,
c.2683_2686del4,5,TRUE,41244861,41244864,TTTG,,CAAA,
c.2683C>T,5,TRUE,41244864,41244864,G,A,C,T
c.2685_2686delAA,5,TRUE,41244861,41244862,TT,,AA,
c.2686delA,5,TRUE,41244861,41244861,T,,A,
c.2689_2690insA,5,TRUE,41244857,41244858,GG,GTG,CC,CAC
c.2694dupA,5,TRUE,41244853,41244853,T,TT,A,AA
c.2702_2703delTT,5,TRUE,41244844,41244845,AA,,TT,
c.2709_2710delTG,5,TRUE,41244837,41244838,CA,,TG,
c.2710G>T,5,TRUE,41244837,41244837,C,A,G,T
c.2713C>T,5,TRUE,41244834,41244834,G,A,C,T
c.2716A>T,5,TRUE,41244831,41244831,T,A,A,T
c.2717dupA,5,TRUE,41244830,41244830,T,TT,A,AA
c.2719_2722del4,5,TRUE,41244825,41244828,CTTC,,GAAG,
c.2722G>T,5,TRUE,41244825,41244825,C,A,G,T
c.2726delA,5,TRUE,41244821,41244821,T,,A,
c.2726_2730del5,5,TRUE,41244817,41244821,TTGAT,,ATCAA,
c.2726dupA,5,TRUE,41244821,41244821,T,TT,A,AA
c.2727_2730del4,5,TRUE,41244817,41244820,TTGA,,TCAA,
c.2728delC,5,TRUE,41244819,41244819,G,,C,
c.2728C>T,5,TRUE,41244819,41244819,G,A,C,T
c.2744_2745delCT,5,TRUE,41244802,41244803,AG,,CT,
c.2745dupT,5,TRUE,41244802,41244802,A,AA,T,TT
c.2749dupA,5,TRUE,41244798,41244798,T,TT,A,AA
c.2759T>C,2,TRUE,41244788,41244788,A,G,T,C
c.2761C>T,5,TRUE,41244786,41244786,G,A,C,T
c.2762delA,5,TRUE,41244785,41244785,T,,A,
c.2764_2767del4,5,TRUE,41244780,41244783,CTGT,,ACAG,
c.2766delA,5,TRUE,41244781,41244781,T,,A,
c.2773A>C,1,FALSE,41244774,41244774,T,G,A,C
c.2796_2799del4,5,TRUE,41244748,41244751,ACCA,,TGGT,
c.2798_2799delGT,5,TRUE,41244748,41244749,AC,,GT,
c.2800C>T,5,TRUE,41244747,41244747,G,A,C,T
c.2805delA,5,TRUE,41244742,41244742,T,,A,
c.2806_2809del4,5,TRUE,41244738,41244741,TATC,,GATA,
c.2808_2811del4,5,TRUE,41244736,41244739,CTTA,,TAAG,
c.2812_2813delCC,5,TRUE,41244734,41244735,GG,,CC,
c.2812_2813delCCinsG,5,TRUE,41244734,41244735,GG,C,CC,G
c.2814delA,5,TRUE,41244733,41244733,T,,A,
c.2830delT,5,TRUE,41244717,41244717,A,,T,
c.2832T>A,5,TRUE,41244715,41244715,A,T,T,A
c.2834_2835delGT,5,TRUE,41244712,41244713,AC,,GT,
c.2834_2836delGTAinsC,5,TRUE,41244711,41244713,TAC,G,GTA,C
c.2835dupT,5,TRUE,41244712,41244712,A,AA,T,TT
c.2835_2836delTA,5,TRUE,41244711,41244712,TA,,TA,
c.2836_2837delAT,5,TRUE,41244710,41244711,AT,,AT,
c.2836_2837delATinsC,5,TRUE,41244710,41244711,AT,G,AT,C
c.2844_2853del10,5,TRUE,41244694,41244703,CCTAGAGCCT,,AGGCTCTAGG,
c.2846delG,5,TRUE,41244701,41244701,C,,G,
c.2848dupT,5,TRUE,41244699,41244699,A,AA,T,TT
c.2856_2857delTT,5,TRUE,41244690,41244691,AA,,TT,
c.2864C>A,5,TRUE,41244683,41244683,G,T,C,A
c.2866_2870del5,5,TRUE,41244677,41244681,TGAGA,,TCTCA,
c.2869C>T,5,TRUE,41244678,41244678,G,A,C,T
c.2870dupA,5,TRUE,41244677,41244677,T,TT,A,AA
c.2872_2876del5,5,TRUE,41244671,41244675,CTGAA,,TTCAG,
c.2875delA,5,TRUE,41244672,41244672,T,,A,
c.2887delA,5,TRUE,41244660,41244660,T,,A,
c.2890G>T,5,TRUE,41244657,41244657,C,A,G,T
c.2898delT,5,TRUE,41244649,41244649,A,,T,
c.2901_2902dupTC,5,TRUE,41244645,41244646,GA,GAGA,TC,TCTC
c.2910delA,5,TRUE,41244637,41244637,T,,A,
c.2911delC,5,TRUE,41244636,41244636,G,,C,
c.2914G>T,5,TRUE,41244633,41244633,C,A,G,T
c.2920_2921delTT,5,TRUE,41244626,41244627,AA,,TT,
c.2921T>A,5,TRUE,41244626,41244626,A,T,T,A
c.2921dupT,5,TRUE,41244626,41244626,A,AA,T,TT
c.2923C>T,5,TRUE,41244624,41244624,G,A,C,T
c.2929_2930dupCC,5,TRUE,41244617,41244618,GG,GGGG,CC,CCCC
c.2934T>G,5,TRUE,41244613,41244613,A,C,T,G
c.2934delT,5,TRUE,41244613,41244613,A,,T,
c.2951_2952delTT,5,TRUE,41244595,41244596,AA,,TT,
c.2952delT,5,TRUE,41244595,41244595,A,,T,
c.2952dupT,5,TRUE,41244595,41244595,A,AA,T,TT
c.2955delC,5,TRUE,41244592,41244592,G,,C,
c.2963C>A,5,TRUE,41244584,41244584,G,T,C,A
c.2967delT,5,TRUE,41244580,41244580,A,,T,
c.2973_2979del7,5,TRUE,41244568,41244574,TTTAGTT,,AACTAAA,
c.2974_2990del17,5,TRUE,41244557,41244573,TTTTTCTTACATTTAGT,,ACTAAATGTAAGAAAAA,
c.2980delT,5,TRUE,41244567,41244567,A,,T,
c.2989_2990dupAA,5,TRUE,41244557,41244558,TT,TTTT,AA,AAAA
c.2990delA,5,TRUE,41244557,41244557,T,,A,
c.2999delA,5,TRUE,41244548,41244548,T,,A,
c.3005delA,5,TRUE,41244542,41244542,T,,A,
c.3008_3009delTT,5,TRUE,41244538,41244539,AA,,TT,
c.3013delG,5,TRUE,41244534,41244534,C,,G,
c.3018_3021del4,5,TRUE,41244526,41244529,TGAA,,TTCA,
c.3020C>G,5,TRUE,41244527,41244527,G,C,C,G
c.3022A>G,1,FALSE,41244525,41244525,T,C,A,G
c.3024G>A,1,FALSE,41244523,41244523,C,T,G,A
c.3029_3030delCT,5,TRUE,41244517,41244518,AG,,CT,
c.3048_3052dup5,5,TRUE,41244495,41244499,TCTCA,TCTCATCTCA,TGAGA,TGAGATGAGA
c.3083G>A,1,FALSE,41244464,41244464,C,T,G,A
c.3084_3094del11,5,TRUE,41244453,41244463,TAATGTTATTA,,TAATAACATTA,
c.3107_3112del6,5,TRUE,41244435,41244440,CTTTAA,,TTAAAG,
c.3108delT,5,TRUE,41244439,41244439,A,,T,
c.3108dupT,5,TRUE,41244439,41244439,A,AA,T,TT
c.3112G>T,5,TRUE,41244435,41244435,C,A,G,T
c.3113A>G,1,FALSE,41244434,41244434,T,C,A,G
c.3119G>A,1,FALSE,41244428,41244428,C,T,G,A
c.3122C>G,5,TRUE,41244425,41244425,G,C,C,G
c.3125_3134del10,5,TRUE,41244413,41244422,TTAATATTGC,,GCAATATTAA,
c.3130A>G,1,FALSE,41244417,41244417,T,C,A,G
c.3143delG,5,TRUE,41244404,41244404,C,,G,
c.3145delT,5,TRUE,41244402,41244402,A,,T,
c.3155delA,5,TRUE,41244392,41244392,T,,A,
c.3157delG,5,TRUE,41244390,41244390,C,,G,
c.3157dupG,5,TRUE,41244390,41244390,C,CC,G,GG
c.3158_3159insG,5,TRUE,41244388,41244389,TT,TCT,AA,AGA
c.3164delG,5,TRUE,41244383,41244383,C,,G,
c.3168delC,5,TRUE,41244379,41244379,G,,C,
c.3169_3172del4,5,TRUE,41244375,41244378,TACT,,AGTA,
c.3178G>T,5,TRUE,41244369,41244369,C,A,G,T
c.3181delA,5,TRUE,41244366,41244366,T,,A,
c.3183delA,5,TRUE,41244364,41244364,T,,A,
c.3188_3189delCCinsG,5,TRUE,41244358,41244359,GG,C,CC,G
c.3193dupG,5,TRUE,41244354,41244354,C,CC,G,GG
c.3211dupG,5,TRUE,41244336,41244336,C,CC,G,GG
c.3214delC,5,TRUE,41244333,41244333,G,,C,
c.3228_3229delAG,5,TRUE,41244318,41244319,CT,,AG,
c.3239T>A,5,TRUE,41244308,41244308,A,T,T,A
c.3254_3255dupGA,5,TRUE,41244292,41244293,TC,TCTC,GA,GAGA
c.3255dupA,5,TRUE,41244292,41244292,T,TT,A,AA
c.3257dupT,5,TRUE,41244290,41244290,A,AA,T,TT
c.3257T>G,5,TRUE,41244290,41244290,A,C,T,G
c.3262delG,5,TRUE,41244285,41244285,C,,G,
c.3266delT,5,TRUE,41244281,41244281,A,,T,
c.3268C>T,5,TRUE,41244279,41244279,G,A,C,T
c.3279delC,5,TRUE,41244268,41244268,G,,C,
c.3285delA,5,TRUE,41244262,41244262,T,,A,
c.3286delC,5,TRUE,41244261,41244261,G,,C,
c.3286C>T,5,TRUE,41244261,41244261,G,A,C,T
c.3288_3289delAA,5,TRUE,41244258,41244259,TT,,AA,
c.3289delA,5,TRUE,41244258,41244258,T,,A,
c.3296delC,5,TRUE,41244251,41244251,G,,C,
c.3296C>T,1,FALSE,41244251,41244251,G,A,C,T
c.3302G>A,1,FALSE,41244245,41244245,C,T,G,A
c.3307dupT,5,TRUE,41244240,41244240,A,AA,T,TT
c.3314delA,5,TRUE,41244233,41244233,T,,A,
c.3319G>T,5,TRUE,41244228,41244228,C,A,G,T
c.3323_3326del4,5,TRUE,41244221,41244224,TTTA,,TAAA,
c.3326_3329del4,5,TRUE,41244218,41244221,TTTT,,AAAA,
c.3327A>C,1,FALSE,41244220,41244220,T,G,A,C
c.3329delA,5,TRUE,41244218,41244218,T,,A,
c.3329_3330delAG,5,TRUE,41244217,41244218,CT,,AG,
c.3329dupA,5,TRUE,41244218,41244218,T,TT,A,AA
c.3331delC,5,TRUE,41244216,41244216,G,,C,
c.3331_3334del4,5,TRUE,41244213,41244216,CTTG,,CAAG,
c.3333delA,5,TRUE,41244214,41244214,T,,A,
c.3333_3336del4,5,TRUE,41244211,41244214,TTCT,,AGAA,
c.3339T>G,5,TRUE,41244208,41244208,A,C,T,G
c.3340G>T,5,TRUE,41244207,41244207,C,A,G,T
c.3342_3345del4,5,TRUE,41244202,41244205,TTCT,,AGAA,
c.3343delG,5,TRUE,41244204,41244204,C,,G,
c.3351dupT,5,TRUE,41244196,41244196,A,AA,T,TT
c.3352C>T,5,TRUE,41244195,41244195,G,A,C,T
c.3354_3355delGA,5,TRUE,41244192,41244193,TC,,GA,
c.3355_3359del5,5,TRUE,41244188,41244192,ACAGT,,ACTGT,
c.3357delT,5,TRUE,41244190,41244190,A,,T,
c.3358_3359delGT,5,TRUE,41244188,41244189,AC,,GT,
c.3359_3360delTT,5,TRUE,41244187,41244188,AA,,TT,
c.3359_3363del5,5,TRUE,41244184,41244188,ATTAA,,TTAAT,
c.3375_3376delTC,5,TRUE,41244171,41244172,GA,,TC,
c.3377delC,5,TRUE,41244170,41244170,G,,C,
c.3381T>G,5,TRUE,41244166,41244166,A,C,T,G
c.3389C>G,5,TRUE,41244158,41244158,G,C,C,G
c.3390delA,5,TRUE,41244157,41244157,T,,A,
c.3397_3398delTT,5,TRUE,41244149,41244150,AA,,TT,
c.3398T>G,5,TRUE,41244149,41244149,A,C,T,G
c.3400G>T,5,TRUE,41244147,41244147,C,A,G,T
c.3403C>T,5,TRUE,41244144,41244144,G,A,C,T
c.3413delG,5,TRUE,41244134,41244134,C,,G,
c.3416delG,5,TRUE,41244131,41244131,C,,G,
c.3417delT,5,TRUE,41244130,41244130,A,,T,
c.3418A>G,1,FALSE,41244129,41244129,T,C,A,G
c.3420dupT,5,TRUE,41244127,41244127,A,AA,T,TT
c.3424delG,5,TRUE,41244123,41244123,C,,G,
c.3428delCinsTA,5,TRUE,41244119,41244119,G,TA,C,TA
c.3430C>T,5,TRUE,41244117,41244117,G,A,C,T
c.3436_3439del4,5,TRUE,41244108,41244111,AACA,,TGTT,
c.3442delG,5,TRUE,41244105,41244105,C,,G,
c.3450delT,5,TRUE,41244097,41244097,A,,T,
c.3450dupT,5,TRUE,41244097,41244097,A,AA,T,TT
c.3463G>C,1,FALSE,41244084,41244084,C,G,G,C
c.3468delT,5,TRUE,41244079,41244079,A,,T,
c.3472G>T,5,TRUE,41244075,41244075,C,A,G,T
c.3476_3479del4,5,TRUE,41244068,41244071,TTTA,,TAAA,
c.3477_3480del4,5,TRUE,41244067,41244070,CTTT,,AAAG,
c.3481delG,5,TRUE,41244066,41244066,C,,G,
c.3481_3491del11,5,TRUE,41244056,41244066,CTAGTATCTTC,,GAAGATACTAG,
c.3485delA,5,TRUE,41244062,41244062,T,,A,
c.3494_3495delTT,5,TRUE,41244052,41244053,AA,,TT,
c.3503dupA,5,TRUE,41244044,41244044,T,TT,A,AA
c.3505_3509del5,5,TRUE,41244038,41244042,ATGTC,,GACAT,
c.3514G>T,5,TRUE,41244033,41244033,C,A,G,T
c.3540_3541delCG,5,TRUE,41244006,41244007,CG,,CG,
c.3548A>G,1,FALSE,41243999,41243999,T,C,A,G
c.3549_3550delAG,5,TRUE,41243997,41243998,CT,,AG,
c.3549_3550delAGinsT,5,TRUE,41243997,41243998,CT,A,AG,T
c.3553G>T,5,TRUE,41243994,41243994,C,A,G,T
c.3575_3576insAA,5,TRUE,41243971,41243972,AG,ATTG,CT,CAAT
c.3578dupT,5,TRUE,41243969,41243969,A,AA,T,TT
c.3583delC,5,TRUE,41243964,41243964,G,,C,
c.3586dupA,5,TRUE,41243961,41243961,T,TT,A,AA
c.3593T>A,5,TRUE,41243954,41243954,A,T,T,A
c.3596_3602del7,5,TRUE,41243945,41243951,CCCTGAG,,CTCAGGG,
c.3598C>T,5,TRUE,41243949,41243949,G,A,C,T
c.3600G>C,2,TRUE,41243947,41243947,C,G,G,C
c.3607C>T,5,TRUE,41243940,41243940,G,A,C,T
c.3608G>A,1,FALSE,41243939,41243939,C,T,G,A
c.3612delA,5,TRUE,41243935,41243935,T,,A,
c.3621_3626del6insAA,5,TRUE,41243921,41243926,AATTTC,TT,GAAATT,AA
c.3624dupA,5,TRUE,41243923,41243923,T,TT,A,AA
c.3626dupT,5,TRUE,41243921,41243921,A,AA,T,TT
c.3626delT,5,TRUE,41243921,41243921,A,,T,
c.3627dupA,5,TRUE,41243920,41243920,T,TT,A,AA
c.3628delG,5,TRUE,41243919,41243919,C,,G,
c.3629_3630delAG,5,TRUE,41243917,41243918,CT,,AG,
c.3640G>A,1,FALSE,41243907,41243907,C,T,G,A
c.3640G>T,5,TRUE,41243907,41243907,C,A,G,T
c.3642_3643delGA,5,TRUE,41243904,41243905,TC,,GA,
c.3647T>G,5,TRUE,41243900,41243900,A,C,T,G
c.3648dupA,5,TRUE,41243899,41243899,T,TT,A,AA
c.3649dupT,5,TRUE,41243898,41243898,A,AA,T,TT
c.3661G>T,5,TRUE,41243886,41243886,C,A,G,T
c.3668_3671dup4,5,TRUE,41243876,41243879,GGAA,GGAAGGAA,TTCC,TTCCTTCC
c.3676_3679del4,5,TRUE,41243868,41243871,GGAA,,TTCC,
c.3689T>G,5,TRUE,41243858,41243858,A,C,T,G
c.3693dupT,5,TRUE,41243854,41243854,A,AA,T,TT
c.3695_3698del4,5,TRUE,41243849,41243852,TTAC,,GTAA,
c.3699delA,5,TRUE,41243848,41243848,T,,A,
c.3700_3704del5,5,TRUE,41243843,41243847,TTTAC,,GTAAA,
c.3704delA,5,TRUE,41243843,41243843,T,,A,
c.3704_3707del4,5,TRUE,41243840,41243843,TTGT,,ACAA,
c.3706_3707delAA,5,TRUE,41243840,41243841,TT,,AA,
c.3706_3713del8,5,TRUE,41243834,41243841,GGTATATT,,AATATACC,
c.3708T>G,3,TRUE,41243839,41243839,A,C,T,G
c.3710delT,5,TRUE,41243837,41243837,A,,T,
c.3713C>T,1,FALSE,41243834,41243834,G,A,C,T
c.3715delT,5,TRUE,41243832,41243832,A,,T,
c.3715_3717delTCTinsC,5,TRUE,41243830,41243832,AGA,G,TCT,C
c.3718C>T,5,TRUE,41243829,41243829,G,A,C,T
c.3731_3738del8,5,TRUE,41243809,41243816,GGTGCTAT,,ATAGCACC,
c.3739G>A,1,FALSE,41243808,41243808,C,T,G,A
c.3748G>A,1,FALSE,41243799,41243799,C,T,G,A
c.3748G>T,5,TRUE,41243799,41243799,C,A,G,T
c.3753T>A,5,TRUE,41243794,41243794,A,T,T,A
c.3756_3757delGT,5,TRUE,41243790,41243791,AC,,GT,
c.3756_3759del4,5,TRUE,41243788,41243791,AGAC,,GTCT,
c.3758_3759delCT,5,TRUE,41243788,41243789,AG,,CT,
c.3759_3760delTA,5,TRUE,41243787,41243788,TA,,TA,
c.3759dupT,5,TRUE,41243788,41243788,A,AA,T,TT
c.3760_3761insT,5,TRUE,41243786,41243787,TT,TAT,AA,ATA
c.3762_3763delGA,5,TRUE,41243784,41243785,TC,,GA,
c.3763_3764delAA,5,TRUE,41243783,41243784,TT,,AA,
c.3764dupA,5,TRUE,41243783,41243783,T,TT,A,AA
c.3770_3771delAG,5,TRUE,41243776,41243777,CT,,AG,
c.3771_3778del8,5,TRUE,41243769,41243776,AATTCTCC,,GGAGAATT,
c.3772G>T,5,TRUE,41243775,41243775,C,A,G,T
c.3774_3775delGA,5,TRUE,41243772,41243773,TC,,GA,
c.3779delT,5,TRUE,41243768,41243768,A,,T,
c.3782T>G,5,TRUE,41243765,41243765,A,C,T,G
c.3785C>A,5,TRUE,41243762,41243762,G,T,C,A
c.3794delA,5,TRUE,41243753,41243753,T,,A,
c.3797G>C,1,FALSE,41243750,41243750,C,G,G,C
c.3813dupT,5,TRUE,41243734,41243734,A,AA,T,TT
c.3814_3815insT,5,TRUE,41243732,41243733,TT,TAT,AA,ATA
c.3817C>T,5,TRUE,41243730,41243730,G,A,C,T
c.3820delG,5,TRUE,41243727,41243727,C,,G,
c.3820dupG,5,TRUE,41243727,41243727,C,CC,G,GG
c.3822_3823insT,5,TRUE,41243724,41243725,TT,TAT,AA,ATA
c.3839_3843del5ins4,5,TRUE,41243704,41243708,CTGAG,GGGG,CTCAG,CCCC
c.3841C>T,5,TRUE,41243706,41243706,G,A,C,T
c.3844delG,5,TRUE,41243703,41243703,C,,G,
c.3858_3861del4,5,TRUE,41243686,41243689,CTCA,,TGAG,
c.3862G>T,5,TRUE,41243685,41243685,C,A,G,T
c.3869_3870delAA,5,TRUE,41243677,41243678,TT,,AA,
c.3871_3872insC,5,TRUE,41243675,41243676,CA,CGA,TG,TCG
c.3876delT,5,TRUE,41243671,41243671,A,,T,
c.3893C>A,5,TRUE,41243654,41243654,G,T,C,A
c.3895C>T,5,TRUE,41243652,41243652,G,A,C,T
c.3901_3902delAG,5,TRUE,41243645,41243646,CT,,AG,
c.3904G>T,5,TRUE,41243643,41243643,C,A,G,T
c.3910delG,5,TRUE,41243637,41243637,C,,G,
c.3914delA,5,TRUE,41243633,41243633,T,,A,
c.3916_3917delTT,5,TRUE,41243630,41243631,AA,,TT,
c.3926delA,5,TRUE,41243621,41243621,T,,A,
c.3927_3930del4,5,TRUE,41243617,41243620,TGTA,,TACA,
c.3929C>A,3,TRUE,41243618,41243618,G,T,C,A
c.3931_3934del4,5,TRUE,41243613,41243616,TGTT,,AACA,
c.3932delA,5,TRUE,41243615,41243615,T,,A,
c.3937C>T,5,TRUE,41243610,41243610,G,A,C,T
c.3952_3955del4,5,TRUE,41243592,41243595,CAAT,,ATTG,
c.3967delC,5,TRUE,41243580,41243580,G,,C,
c.3967C>T,5,TRUE,41243580,41243580,G,A,C,T
c.3968_3971del4,5,TRUE,41243576,41243579,ATTT,,AAAT,
c.3973delA,5,TRUE,41243574,41243574,T,,A,
c.3981delG,5,TRUE,41243566,41243566,C,,G,
c.3982dupT,5,TRUE,41243565,41243565,A,AA,T,TT
c.3991C>T,5,TRUE,41243556,41243556,G,A,C,T
c.3999delT,5,TRUE,41243548,41243548,A,,T,
c.4001delG,5,TRUE,41243546,41243546,C,,G,
c.4002_4005del4,5,TRUE,41243542,41243545,CAGA,,TCTG,
c.4032_4034delTGA,5,TRUE,41243513,41243515,TCA,,TGA,
c.4035delA,5,TRUE,41243512,41243512,T,,A,
c.4038_4039delAA,5,TRUE,41243508,41243509,TT,,AA,
c.4038_4041del4,5,TRUE,41243506,41243509,TCTT,,AAGA,
c.4039A>G,1,FALSE,41243508,41243508,T,C,A,G
c.4041_4042delAG,5,TRUE,41243505,41243506,CT,,AG,
c.4043delG,5,TRUE,41243504,41243504,C,,G,
c.4046C>T,1,FALSE,41243501,41243501,G,A,C,T
c.4049dupG,5,TRUE,41243498,41243498,C,CC,G,GG
c.4052dupT,5,TRUE,41243495,41243495,A,AA,T,TT
c.4052T>A,5,TRUE,41243495,41243495,A,T,T,A
c.4057G>T,5,TRUE,41243490,41243490,C,A,G,T
c.4057_4061del5,5,TRUE,41243486,41243490,TTTTC,,GAAAA,
c.4062_4068del7,5,TRUE,41243479,41243485,TTGATTA,,TAATCAA,
c.4065_4068del4,5,TRUE,41243479,41243482,TTGA,,TCAA,
c.4066_4069del4,5,TRUE,41243478,41243481,CTTG,,CAAG,
c.4075C>T,5,TRUE,41243472,41243472,G,A,C,T
c.4081A>C,1,FALSE,41243466,41243466,T,G,A,C
c.4088C>G,5,TRUE,41243459,41243459,G,C,C,G
c.4092_4093delCT,5,TRUE,41243454,41243455,AG,,CT,
c.4094delT,5,TRUE,41243453,41243453,A,,T,
c.4096+1G>A,5,TRUE,41243450,41243450,C,T,G,A
c.4096+3A>G,5,TRUE,41243448,41243448,T,C,A,G
c.4097-2A>G,5,TRUE,41243050,41243050,T,C,A,G
c.4097-1G>A,5,TRUE,41243049,41243049,C,T,G,A
c.4107_4110dup4,5,TRUE,41243035,41243038,AGAT,AGATAGAT,ATCT,ATCTATCT
c.4116T>A,5,TRUE,41243029,41243029,A,T,T,A
c.4117G>T,5,TRUE,41243028,41243028,C,A,G,T
c.4120_4121delAG,5,TRUE,41243024,41243025,CT,,AG,
c.4122_4123delTG,5,TRUE,41243022,41243023,CA,,TG,
c.4129delA,5,TRUE,41243016,41243016,T,,A,
c.4136_4137delCT,5,TRUE,41243008,41243009,AG,,CT,
c.4158_4162del5,5,TRUE,41242983,41242987,GAGAG,,CTCTC,
c.4161_4162delTC,5,TRUE,41242983,41242984,GA,,TC,
c.4165_4166delAG,5,TRUE,41242979,41242980,CT,,AG,
c.4165_4166dupAG,5,TRUE,41242979,41242980,CT,CTCT,AG,AGAG
c.4167delT,5,TRUE,41242978,41242978,A,,T,
c.4167_4168delTG,5,TRUE,41242977,41242978,CA,,TG,
c.4182_4183dupTC,5,TRUE,41242962,41242963,GA,GAGA,TC,TCTC
c.4183_4185delCAG,5,TRUE,41242960,41242962,CTG,,CAG,
c.4183C>T,5,TRUE,41242962,41242962,G,A,C,T
c.4185G>A,5,TRUE,41242960,41242960,C,T,G,A
c.4185_4185+3del4,5,TRUE,41242957,41242960,TACC,,GGTA,
c.4185+1G>T,5,TRUE,41242959,41242959,C,A,G,T
c.4186C>T,5,TRUE,41234591,41234591,G,A,C,T
c.4195_4196delAC,5,TRUE,41234581,41234582,GT,,AC,
c.4201C>T,5,TRUE,41234576,41234576,G,A,C,T
c.4204C>T,1,FALSE,41234573,41234573,G,A,C,T
c.4222C>T,5,TRUE,41234555,41234555,G,A,C,T
c.4228G>T,5,TRUE,41234549,41234549,C,A,G,T
c.4237G>T,5,TRUE,41234540,41234540,C,A,G,T
c.4240dupC,5,TRUE,41234537,41234537,G,GG,C,CC
c.4242_4243insT,5,TRUE,41234534,41234535,CT,CAT,AG,ATG
c.4243delG,5,TRUE,41234534,41234534,C,,G,
c.4251_4252delGT,5,TRUE,41234525,41234526,AC,,GT,
c.4253T>G,5,TRUE,41234524,41234524,A,C,T,G
c.4255G>C,1,FALSE,41234522,41234522,C,G,G,C
c.4258C>T,5,TRUE,41234519,41234519,G,A,C,T
c.4266dupG,5,TRUE,41234511,41234511,C,CC,G,GG
c.4287C>A,5,TRUE,41234490,41234490,G,T,C,A
c.4300dupA,5,TRUE,41234477,41234477,T,TT,A,AA
c.4307_4308delCT,5,TRUE,41234469,41234470,AG,,CT,
c.4321dupG,5,TRUE,41234456,41234456,C,CC,G,GG
c.4327C>T,5,TRUE,41234450,41234450,G,A,C,T
c.4331_4332delAT,5,TRUE,41234445,41234446,AT,,AT,
c.4335_4338dup4,5,TRUE,41234439,41234442,TTCT,TTCTTTCT,AGAA,AGAAAGAA
c.4339C>T,5,TRUE,41234438,41234438,G,A,C,T
c.4357+1G>A,5,TRUE,41234419,41234419,C,T,G,A
c.4357+1G>C,5,TRUE,41234419,41234419,C,G,G,C
c.4357+1G>T,5,TRUE,41234419,41234419,C,A,G,T
c.4357+2T>C,5,TRUE,41234418,41234418,A,G,T,C
c.4357+6T>C,5,TRUE,41234414,41234414,A,G,T,C
c.4357+1delG,5,TRUE,41234419,41234419,C,,G,
c.4372C>T,5,TRUE,41228616,41228616,G,A,C,T
c.4373_4389del17,5,TRUE,41228599,41228615,GTATTCACTACTTTTCT,,AGAAAAGTAGTGAATAC,
c.4389C>A,5,TRUE,41228599,41228599,G,T,C,A
c.4391delC,5,TRUE,41228597,41228597,G,,C,
c.4391dupC,5,TRUE,41228597,41228597,G,GG,C,CC
c.4391_4393delCTAinsTT,5,TRUE,41228595,41228597,TAG,AA,CTA,TT
c.4393delA,5,TRUE,41228595,41228595,T,,A,
c.4399C>T,5,TRUE,41228589,41228589,G,A,C,T
c.4402A>C,1,FALSE,41228586,41228586,T,G,A,C
c.4416_4417delTTinsG,5,TRUE,41228571,41228572,AA,C,TT,G
c.4435delG,5,TRUE,41228553,41228553,C,,G,
c.4447delA,5,TRUE,41228541,41228541,T,,A,
c.4452_4455del4,5,TRUE,41228533,41228536,GGTA,,TACC,
c.4456delA,5,TRUE,41228532,41228532,T,,A,
c.4457delG,5,TRUE,41228531,41228531,C,,G,
c.4480G>T,5,TRUE,41228508,41228508,C,A,G,T
c.4482_4483delAA,5,TRUE,41228505,41228506,TT,,AA,
c.4484G>T,5,TRUE,41228504,41228504,C,A,G,T
c.4484+1G>A,5,TRUE,41228503,41228503,C,T,G,A
c.4484+1G>T,5,TRUE,41228503,41228503,C,A,G,T
c.4484+1delG,5,TRUE,41228503,41228503,C,,G,
c.4485-2A>G,5,TRUE,41226539,41226539,T,C,A,G
c.4485-1G>A,5,TRUE,41226538,41226538,C,T,G,A
c.4487C>G,5,TRUE,41226535,41226535,G,C,C,G
c.4508C>A,5,TRUE,41226514,41226514,G,T,C,A
c.4516delG,5,TRUE,41226506,41226506,C,,G,
c.4524G>A,5,TRUE,41226498,41226498,C,T,G,A
c.4528delA,5,TRUE,41226494,41226494,T,,A,
c.4533_4534delCA,5,TRUE,41226488,41226489,TG,,CA,
c.4535G>T,1,FALSE,41226487,41226487,C,A,G,T
c.4570_4573del4,5,TRUE,41226449,41226452,GAGA,,TCTC,
c.4574_4575delAA,5,TRUE,41226447,41226448,TT,,AA,
c.4575_4585del11,5,TRUE,41226437,41226447,TGAGCTCCTCT,,AGAGGAGCTCA,
c.4595_4596insCT,5,TRUE,41226426,41226427,AA,AAGA,TT,TCTT
c.4600G>A,1,FALSE,41226422,41226422,C,T,G,A
c.4603G>T,5,TRUE,41226419,41226419,C,A,G,T
c.4609C>T,5,TRUE,41226413,41226413,G,A,C,T
c.4611_4612insG,5,TRUE,41226410,41226411,GT,GCT,AC,AGC
c.4612C>T,5,TRUE,41226410,41226410,G,A,C,T
c.4617_4618delGGinsTT,5,TRUE,41226404,41226405,CC,AA,GG,TT
c.4621G>T,5,TRUE,41226401,41226401,C,A,G,T
c.4625_4626delCT,5,TRUE,41226396,41226397,AG,,CT,
c.4636G>A,1,FALSE,41226386,41226386,C,T,G,A
c.4636G>T,1,FALSE,41226386,41226386,C,A,G,T
c.4646_4665del20,5,TRUE,41226357,41226376,CCTTGGCAAGTAAGATGTTT,,AAACATCTTACTTGCCAAGG,
c.4656C>G,5,TRUE,41226366,41226366,G,C,C,G
c.4675G>A,5,TRUE,41226347,41226347,C,T,G,A
c.4675G>C,5,TRUE,41226347,41226347,C,G,G,C
c.4675+1G>A,5,TRUE,41226346,41226346,C,T,G,A
c.4678G>T,5,TRUE,41223252,41223252,C,A,G,T
c.4681delA,5,TRUE,41223249,41223249,T,,A,
c.4684_4685delCC,5,TRUE,41223245,41223246,GG,,CC,
c.4689C>A,5,TRUE,41223241,41223241,G,T,C,A
c.4689C>G,5,TRUE,41223241,41223241,G,C,C,G
c.4691T>C,1,FALSE,41223239,41223239,A,G,T,C
c.4695dupA,5,TRUE,41223235,41223235,T,TT,A,AA
c.4724delC,5,TRUE,41223206,41223206,G,,C,
c.4741G>T,5,TRUE,41223189,41223189,C,A,G,T
c.4745delA,5,TRUE,41223185,41223185,T,,A,
c.4754_4755delCA,5,TRUE,41223175,41223176,TG,,CA,
c.4757dupA,5,TRUE,41223173,41223173,T,TT,A,AA
c.4760C>G,5,TRUE,41223170,41223170,G,C,C,G
c.4764delT,5,TRUE,41223166,41223166,A,,T,
c.4801A>T,5,TRUE,41223129,41223129,T,A,A,T
c.4810C>T,5,TRUE,41223120,41223120,G,A,C,T
c.4836dupG,5,TRUE,41223094,41223094,C,CC,G,GG
c.4837A>G,1,FALSE,41223093,41223093,T,C,A,G
c.4837delA,5,TRUE,41223093,41223093,T,,A,
c.4838_4839insC,5,TRUE,41223091,41223092,AC,AGC,GT,GCT
c.4840C>T,1,FALSE,41223090,41223090,G,A,C,T
c.4873_4885del13,5,TRUE,41223045,41223057,CCATTGCATTATA,,TATAATGCAATGG,
c.4883T>C,1,FALSE,41223047,41223047,A,G,T,C
c.4903G>T,5,TRUE,41223027,41223027,C,A,G,T
c.4905_4906delGA,5,TRUE,41223024,41223025,TC,,GA,
c.4910delC,5,TRUE,41223020,41223020,G,,C,
c.4910C>T,1,FALSE,41223020,41223020,G,A,C,T
c.4930G>T,5,TRUE,41223000,41223000,C,A,G,T
c.4936delG,5,TRUE,41222994,41222994,C,,G,
c.4942A>T,5,TRUE,41222988,41222988,T,A,A,T
c.4945delA,5,TRUE,41222985,41222985,T,,A,
c.4945_4947delAGAins4,5,TRUE,41222983,41222985,TCT,TTTT,AGA,AAAA
c.4955T>C,1,FALSE,41222975,41222975,A,G,T,C
c.4956G>A,1,FALSE,41222974,41222974,C,T,G,A
c.4963_4981del19,5,TRUE,41222949,41222967,CTTCTGGGGTCAGGCCAGA,,TCTGGCCTGACCCCAGAAG,
c.4964_4979del16,5,TRUE,41222951,41222966,TCTGGGGTCAGGCCAG,,CTGGCCTGACCCCAGA,
c.4964_4982del19,5,TRUE,41222948,41222966,TCTTCTGGGGTCAGGCCAG,,CTGGCCTGACCCCAGAAGA,
c.4966_4984del19,5,TRUE,41222946,41222964,ATTCTTCTGGGGTCAGGCC,,GGCCTGACCCCAGAAGAAT,
c.4981G>T,5,TRUE,41222949,41222949,C,A,G,T
c.4986+1G>T,5,TRUE,41222943,41222943,C,A,G,T
c.4986+2T>C,5,TRUE,41222942,41222942,A,G,T,C
c.4986+3G>C,5,TRUE,41222941,41222941,C,G,G,C
c.4986+4A>G,5,TRUE,41222940,41222940,T,C,A,G
c.4986+5G>A,5,TRUE,41222939,41222939,C,T,G,A
c.4986+6T>C,5,TRUE,41222938,41222938,A,G,T,C
c.4986+6T>G,5,TRUE,41222938,41222938,A,C,T,G
c.4987-5T>A,5,TRUE,41219716,41219716,A,T,T,A
c.4987-3C>G,5,TRUE,41219714,41219714,G,C,C,G
c.4987-2A>G,5,TRUE,41219713,41219713,T,C,A,G
c.4987-1G>A,5,TRUE,41219712,41219712,C,T,G,A
c.4998C>A,5,TRUE,41219700,41219700,G,T,C,A
c.4999A>T,5,TRUE,41219699,41219699,T,A,A,T
c.5005delG,5,TRUE,41219693,41219693,C,,G,
c.5026_5036del11,5,TRUE,41219662,41219672,AGATTAGTTAA,,TTAACTAATCT,
c.5027dupT,5,TRUE,41219671,41219671,A,AA,T,TT
c.5030delC,5,TRUE,41219668,41219668,G,,C,
c.5030_5033del4,5,TRUE,41219665,41219668,TTAG,,CTAA,
c.5035delC,5,TRUE,41219663,41219663,G,,C,
c.5035_5039del5,5,TRUE,41219659,41219663,ATTAG,,CTAAT,
c.5038_5042dup5,5,TRUE,41219656,41219660,GTAAT,GTAATGTAAT,ATTAC,ATTACATTAC
c.5040delT,5,TRUE,41219658,41219658,A,,T,
c.5044G>A,1,FALSE,41219654,41219654,C,T,G,A
c.5047G>T,5,TRUE,41219651,41219651,C,A,G,T
c.5053A>G,5,TRUE,41219645,41219645,T,C,A,G
c.5054C>T,5,TRUE,41219644,41219644,G,A,C,T
c.5062_5064delGTT,5,TRUE,41219634,41219636,AAC,,GTT,
c.5066T>G,4,TRUE,41219632,41219632,A,C,T,G
c.5068A>T,5,TRUE,41219630,41219630,T,A,A,T
c.5071dupA,5,TRUE,41219627,41219627,T,TT,A,AA
c.5074G>A,5,TRUE,41219624,41219624,C,T,G,A
c.5074G>C,5,TRUE,41219624,41219624,C,G,G,C
c.5074G>T,5,TRUE,41219624,41219624,C,A,G,T
c.5074+1G>A,5,TRUE,41219623,41219623,C,T,G,A
c.5074+1G>T,5,TRUE,41219623,41219623,C,A,G,T
c.5074+3A>G,5,TRUE,41219621,41219621,T,C,A,G
c.5075-2A>C,5,TRUE,41215969,41215969,T,G,A,C
c.5075-2A>G,5,TRUE,41215969,41215969,T,C,A,G
c.5075-2A>T,5,TRUE,41215969,41215969,T,A,A,T
c.5075-1G>A,5,TRUE,41215968,41215968,C,T,G,A
c.5075-1G>T,5,TRUE,41215968,41215968,C,A,G,T
c.5075_5078del4,5,TRUE,41215964,41215967,GCAT,,ATGC,
c.5077_5080del4ins10,5,TRUE,41215962,41215965,CAGC,CCCCCCCCCC,GCTG,GGGGGGGGGG
c.5078_5080delCTG,5,TRUE,41215962,41215964,CAG,,CTG,
c.5080G>T,5,TRUE,41215962,41215962,C,A,G,T
c.5084_5085delTT,5,TRUE,41215957,41215958,AA,,TT,
c.5095C>T,5,TRUE,41215947,41215947,G,A,C,T
c.5102_5103delTG,5,TRUE,41215939,41215940,CA,,TG,
c.5106delA,5,TRUE,41215936,41215936,T,,A,
c.5109T>G,5,TRUE,41215933,41215933,A,C,T,G
c.5112delT,5,TRUE,41215930,41215930,A,,T,
c.5117G>C,1,FALSE,41215925,41215925,C,G,G,C
c.5123C>A,5,TRUE,41215919,41215919,G,T,C,A
c.5123C>T,3,TRUE,41215919,41215919,G,A,C,T
c.5126delG,5,TRUE,41215916,41215916,C,,G,
c.5128G>T,5,TRUE,41215914,41215914,C,A,G,T
c.5136G>A,5,TRUE,41215906,41215906,C,T,G,A
c.5137delG,5,TRUE,41215905,41215905,C,,G,
c.5143A>C,5,TRUE,41215899,41215899,T,G,A,C
c.5148T>G,5,TRUE,41215894,41215894,A,C,T,G
c.5152+1G>A,5,TRUE,41215889,41215889,C,T,G,A
c.5152+1G>C,5,TRUE,41215889,41215889,C,G,G,C
c.5152+1G>T,5,TRUE,41215889,41215889,C,A,G,T
c.5152+5G>A,5,TRUE,41215885,41215885,C,T,G,A
c.5153-1G>A,5,TRUE,41215390,41215390,C,T,G,A
c.5153-1G>C,5,TRUE,41215390,41215390,C,G,G,C
c.5153-1G>T,5,TRUE,41215390,41215390,C,A,G,T
c.5153-2delA,5,TRUE,41215391,41215391,T,,A,
c.5153G>A,5,TRUE,41215389,41215389,C,T,G,A
c.5154G>A,5,TRUE,41215388,41215388,C,T,G,A
c.5158A>G,1,FALSE,41215384,41215384,T,C,A,G
c.5161C>T,5,TRUE,41215381,41215381,G,A,C,T
c.5162delA,5,TRUE,41215380,41215380,T,,A,
c.5173G>T,5,TRUE,41215369,41215369,C,A,G,T
c.5177_5178delGA,5,TRUE,41215364,41215365,TC,,GA,
c.5177_5180del4,5,TRUE,41215362,41215365,TTTC,,GAAA,
c.5179_5192del14,5,TRUE,41215350,41215363,TCATTCAGCATTTT,,AAAATGCTGAATGA,
c.5179A>T,5,TRUE,41215363,41215363,T,A,A,T
c.5182delA,5,TRUE,41215360,41215360,T,,A,
c.5193+1delG,5,TRUE,41215348,41215348,C,,G,
c.5193+2delT,5,TRUE,41215347,41215347,A,,T,
c.5193+1G>C,5,TRUE,41215348,41215348,C,G,G,C
c.5193+2T>G,5,TRUE,41215347,41215347,A,C,T,G
c.5194-2A>C,5,TRUE,41209153,41209153,T,G,A,C
c.5194-2A>G,5,TRUE,41209153,41209153,T,C,A,G
c.5194-1G>T,5,TRUE,41209152,41209152,C,A,G,T
c.5207delT,5,TRUE,41209138,41209138,A,,T,
c.5212G>A,5,TRUE,41209133,41209133,C,T,G,A
c.5213_5215delGAG,5,TRUE,41209130,41209132,CTC,,GAG,
c.5229_5230delAA,5,TRUE,41209115,41209116,TT,,AA,
c.5230delA,5,TRUE,41209115,41209115,T,,A,
c.5231delG,5,TRUE,41209114,41209114,C,,G,
c.5251C>T,5,TRUE,41209094,41209094,G,A,C,T
c.5252G>A,1,FALSE,41209093,41209093,C,T,G,A
c.5257dupA,5,TRUE,41209088,41209088,T,TT,A,AA
c.5260G>T,5,TRUE,41209085,41209085,C,A,G,T
c.5266C>T,5,TRUE,41209079,41209079,G,A,C,T
c.5266delC,5,TRUE,41209079,41209079,G,,C,
c.5266dupC,5,TRUE,41209079,41209079,G,GG,C,CC
c.5270_5276del7,5,TRUE,41209069,41209075,TTTCTGT,,ACAGAAA,
c.5277+1G>A,5,TRUE,41209067,41209067,C,T,G,A
c.5277+1G>C,5,TRUE,41209067,41209067,C,G,G,C
c.5278-2A>T,5,TRUE,41203135,41203135,T,A,A,T
c.5278-1G>A,5,TRUE,41203134,41203134,C,T,G,A
c.5278-1G>C,5,TRUE,41203134,41203134,C,G,G,C
c.5278-1G>T,5,TRUE,41203134,41203134,C,A,G,T
c.5278-2delA,5,TRUE,41203135,41203135,T,,A,
c.5289delG,5,TRUE,41203122,41203122,C,,G,
c.5289dupG,5,TRUE,41203122,41203122,C,CC,G,GG
c.5291T>C,5,TRUE,41203120,41203120,A,G,T,C
c.5293G>T,5,TRUE,41203118,41203118,C,A,G,T
c.5297T>G,5,TRUE,41203114,41203114,A,C,T,G
c.5307T>A,5,TRUE,41203104,41203104,A,T,T,A
c.5310delG,5,TRUE,41203101,41203101,C,,G,
c.5310dupG,5,TRUE,41203101,41203101,C,CC,G,GG
c.5315delT,5,TRUE,41203096,41203096,A,,T,
c.5319dupC,5,TRUE,41203092,41203092,G,GG,C,CC
c.5320_5321delAA,5,TRUE,41203090,41203091,TT,,AA,
c.5323_5324delAT,5,TRUE,41203087,41203088,AT,,AT,
c.5324T>A,5,TRUE,41203087,41203087,A,T,T,A
c.5324T>G,5,TRUE,41203087,41203087,A,C,T,G
c.5327C>A,2,TRUE,41203084,41203084,G,T,C,A
c.5328dupC,5,TRUE,41203083,41203083,G,GG,C,CC
c.5329_5332+5del9insC,5,TRUE,41203074,41203082,CTTACCTGT,G,ACAGGTAAG,C
c.5332+1G>A,5,TRUE,41203078,41203078,C,T,G,A
c.5332+1G>C,5,TRUE,41203078,41203078,C,G,G,C
c.5332+2T>C,5,TRUE,41203077,41203077,A,G,T,C
c.5332+1delG,5,TRUE,41203078,41203078,C,,G,
c.5333-6T>G,5,TRUE,41201216,41201216,A,C,T,G
c.5333-2A>C,5,TRUE,41201212,41201212,T,G,A,C
c.5333-2A>T,5,TRUE,41201212,41201212,T,A,A,T
c.5333-1G>A,5,TRUE,41201211,41201211,C,T,G,A
c.5333-1G>C,5,TRUE,41201211,41201211,C,G,G,C
c.5333-1G>T,5,TRUE,41201211,41201211,C,A,G,T
c.5335delC,5,TRUE,41201208,41201208,G,,C,
c.5335C>T,5,TRUE,41201208,41201208,G,A,C,T
c.5341G>T,5,TRUE,41201202,41201202,C,A,G,T
c.5345G>A,5,TRUE,41201198,41201198,C,T,G,A
c.5346G>A,5,TRUE,41201197,41201197,C,T,G,A
c.5353C>T,5,TRUE,41201190,41201190,G,A,C,T
c.5359T>A,5,TRUE,41201184,41201184,A,T,T,A
c.5360_5361delGTinsAG,5,TRUE,41201182,41201183,AC,CT,GT,AG
c.5363G>T,5,TRUE,41201180,41201180,C,A,G,T
c.5369_5385del17,5,TRUE,41201158,41201174,AAGCTCCTTCACCACAG,,CTGTGGTGAAGGAGCTT,
c.5377A>T,5,TRUE,41201166,41201166,T,A,A,T
c.5386dupT,5,TRUE,41201157,41201157,A,AA,T,TT
c.5406+3A>T,5,TRUE,41201134,41201134,T,A,A,T
c.5406+4A>G,5,TRUE,41201133,41201133,T,C,A,G
c.5406+5G>A,5,TRUE,41201132,41201132,C,T,G,A
c.5406+5G>C,5,TRUE,41201132,41201132,C,G,G,C
c.5406+33A>T,5,TRUE,41201104,41201104,T,A,A,T
c.5406+1_5406+3delGTA,5,TRUE,41201134,41201136,TAC,,GTA,
c.5407-2A>G,5,TRUE,41199721,41199721,T,C,A,G
c.5408G>C,5,TRUE,41199718,41199718,C,G,G,C
c.5410_5411delGT,5,TRUE,41199715,41199716,AC,,GT,
c.5411T>A,1,FALSE,41199715,41199715,A,T,T,A
c.5419delA,5,TRUE,41199707,41199707,T,,A,
c.5431C>T,5,TRUE,41199695,41199695,G,A,C,T
c.5440delG,5,TRUE,41199686,41199686,C,,G,
c.5444G>A,5,TRUE,41199682,41199682,C,T,G,A
c.5445G>A,5,TRUE,41199681,41199681,C,T,G,A
c.5449G>T,5,TRUE,41199677,41199677,C,A,G,T
c.5450_5451delAG,5,TRUE,41199675,41199676,CT,,AG,
c.5467G>A,5,TRUE,41199659,41199659,C,T,G,A
c.5467+1G>A,5,TRUE,41199658,41199658,C,T,G,A
c.814_824dup,5,TRUE,41246723,41246733,CCACATGGCTC,CCACATGGCTCCCACATGGCTC,GAGCCATGTGG,GAGCCATGTGGGAGCCATGTGG
c.5470_5477del8,5,TRUE,41197809,41197816,TGCCCAAT,,ATTGGGCA,
c.5483delG,5,TRUE,41197803,41197803,C,,G,
c.5492delC,5,TRUE,41197794,41197794,G,,C,
c.5496_5506del11insA,5,TRUE,41197780,41197790,CTCGGGTCACC,T,GGTGACCCGAG,A
c.5503delC,5,TRUE,41197783,41197783,G,,C,
c.5503C>T,5,TRUE,41197783,41197783,G,A,C,T
c.5506G>T,5,TRUE,41197780,41197780,C,A,G,T
c.5510G>A,5,TRUE,41197776,41197776,C,T,G,A
c.5511G>A,5,TRUE,41197775,41197775,C,T,G,A
c.5512delG,5,TRUE,41197774,41197774,C,,G,
c.5513T>A,5,TRUE,41197773,41197773,A,T,T,A
c.5521delA,5,TRUE,41197765,41197765,T,,A,
c.5532_5533insG,5,TRUE,41197753,41197754,AG,ACG,CT,CGT
c.5533dupT,5,TRUE,41197753,41197753,A,AA,T,TT
c.5536C>T,5,TRUE,41197750,41197750,G,A,C,T
c.5541C>A,5,TRUE,41197745,41197745,G,T,C,A
c.5548delC,5,TRUE,41197738,41197738,G,,C,
c.5553dupC,5,TRUE,41197733,41197733,G,GG,C,CC
c.5558dupA,5,TRUE,41197728,41197728,T,TT,A,AA
c.5559C>G,5,TRUE,41197727,41197727,G,C,C,G
c.5572A>C,1,FALSE,41197714,41197714,T,G,A,C
c.5576C>G,1,FALSE,41197710,41197710,G,C,C,G
